<model name="brightcove:publishingmodel" xmlns="http://www.alfresco.org/model/dictionary/1.0">

	<description>Alfresco Brightcove Publishing Content Model</description>
	<author>Kalpesh</author>
	<published>2012-07-02</published>
	<version>1.0</version>

	<imports>
		<import uri="http://www.alfresco.org/model/dictionary/1.0" prefix="d" />
		<import uri="http://www.alfresco.org/model/system/1.0" prefix="sys" />
		<import uri="http://www.alfresco.org/model/content/1.0" prefix="cm" />
		<import uri="http://www.alfresco.org/model/publishing/1.0" prefix="pub" />
	</imports>

	<namespaces>
		<namespace uri="http://www.alfresco.org/model/publishing/brightcove/1.0" prefix="brightcove" />
	</namespaces>

	<types>
		<type name="brightcove:DeliveryChannel">
			<title>Brightcove Delivery Channel</title>
			<description>Node type used to represent Brightcove delivery channels</description>
			<parent>pub:DeliveryChannel</parent>
			<mandatory-aspects>
				<aspect>brightcove:DeliveryChannelAspect</aspect>
			</mandatory-aspects>
		</type>
	</types>

	<aspects>
		<aspect name="brightcove:DeliveryChannelAspect">
			<title>Brightcove Delivery Channel Aspect</title>
			<description>Applied to a node that represents a Brightcove delivery channel</description>
			<properties>
				<property name="brightcove:host">
					<title>Server hostname</title>
					<type>d:text</type>
				</property>
				<property name="brightcove:port">
					<title>Server port</title>
					<type>d:int</type>
				</property>
				<property name="brightcove:readToken">
					<title>Server Read Token</title>
					<type>d:text</type>
				</property>
				<property name="brightcove:readURLToken">
					<title>Server Read URL Token</title>
					<type>d:text</type>
				</property>
				<property name="brightcove:writeToken">
					<title>Server Write Token</title>
					<type>d:text</type>
				</property>
			</properties>
		</aspect>
	</aspects>
</model>
