<?xml version='1.0' encoding='UTF-8'?>
<!DOCTYPE beans PUBLIC '-//SPRING//DTD BEAN//EN' 'http://www.springframework.org/dtd/spring-beans.dtd'>

<beans>
   	<bean parent="publishingService_dictionaryBootstrap" depends-on="dictionaryBootstrap">
      	<property name="models">
         	<list>
            	<value>alfresco/extension/model/brightcoveModel.xml</value>
            	<value>alfresco/extension/model/brightcoveFTPModel.xml</value>
         	</list>
      	</property>
   	</bean>

    <bean id="brightcoveChannelMessageBundle" class="org.alfresco.i18n.ResourceBundleBootstrapComponent">
        <property name="resourceBundles">
            <list>
                <value>alfresco.extension.brightcove-publishing</value>
            </list>
        </property>
    </bean>
   	<!--Brightcove-->
   	<bean id="brightcoveDeliveryChannelType" class="com.kapx.ucms.publishing.brightcove.BrightcoveChannelType" parent="baseChannelType">
      	<property name="publishingHelper" ref="brightcovePublishingHelper" />      
      	<property name="contentService" ref="ContentService" />            
   	</bean>
   
   	<bean id="brightcovePublishingHelper" class="com.kapx.ucms.publishing.brightcove.BrightcovePublishingHelper">
      	<property name="encryptor" ref="metadataEncryptor" />      
      	<property name="contentService" ref="ContentService" />
   	</bean>
   
   	<!--Brightcove FTP  -->
   	<bean id="brightcoveFTPDeliveryChannelType" class="com.kapx.ucms.publishing.brightcove.BrightcoveFTPChannelType" parent="baseChannelType">
      	<property name="encryptor" ref="metadataEncryptor"/>      	     
      	<property name="contentService" ref="ContentService"/>            
   	</bean> 
</beans>