<?xml version='1.0' encoding='UTF-8'?>
<!DOCTYPE beans PUBLIC '-//SPRING//DTD BEAN//EN' 'http://www.springframework.org/dtd/spring-beans.dtd'>
<beans>	
	<bean id="extracter.FLV" class="com.kapx.ucms.FLVMetadataExtracter" parent="baseMetadataExtracter">
		<property name="tikaConfig" ref="tikaConfig"/>      
		<property name="mappingProperties">
            <bean class="org.springframework.beans.factory.config.PropertiesFactoryBean">
				<property name="location">
					<value>classpath:alfresco/metadata/FLVMetadataExtracter.properties</value>
				</property>
            </bean>
        </property>
	</bean>
	<!-- 
	<bean id="extracter.MP4" class="com.kapx.ucms.MP4MetadataExtracter" parent="baseMetadataExtracter">
		<property name="tikaConfig" ref="tikaConfig"/>      
		<property name="mappingProperties">
            <bean class="org.springframework.beans.factory.config.PropertiesFactoryBean">
				<property name="location">
					<value>classpath:alfresco/metadata/MP4MetadataExtracter.properties</value>
				</property>
            </bean>
        </property>
	</bean>
	-->
</beans>
